CountryName,CapitalName,CapitalLatitude,CapitalLongitude,CountryCode,ContinentName,Population,Internet users
Albania,Tirana,41.31666666666667,19.816667,AL,Europe,2930187,2105339
Algeria,Algiers,36.75,3.05,DZ,Africa,41318142,19704622
Andorra,Andorra la Vella,42.5,1.516667,AD,Europe,76965,76095
Angola,Luanda,-8.833333333333334,13.216667,AO,Africa,29784193,4271053
Anguilla,The Valley,18.216666666666665,-63.05,AI,North America,14909,12043
Antigua and Barbuda,Saint John's,17.116666666666667,-61.85,AG,North America,102012,77529
Argentina,Buenos Aires,-34.583333333333336,-58.666667,AR,South America,44271041,33561876
Armenia,Yerevan,40.16666666666666,44.5,AM,Europe,2930450,2043110
Aruba,Oranjestad,12.516666666666667,-70.033333,AW,North America,105264,102285
Australia,Canberra,-35.266666666666666,149.133333,AU,Australia,24450561,21159515
Austria,Vienna,48.2,16.366667,AT,Europe,8735453,7681957
Azerbaijan,Baku,40.38333333333333,49.866667,AZ,Europe,9827589,7763795
Bahrain,Manama,26.23333333333333,50.566667,BH,Asia,1492584,1431090
Bangladesh,Dhaka,23.716666666666665,90.4,BD,Asia,164945471,112715000
Barbados,Bridgetown,13.1,-59.616667,BB,North America,285719,233604
Belarus,Minsk,53.9,27.566667,BY,Europe,9468338,7048231
Belgium,Brussels,50.833333333333336,4.333333,BE,Europe,11429336,10021242
Belize,Belmopan,17.25,-88.766667,BZ,Central America,374681,1764
Benin,Porto-Novo,6.483333333333333,2.616667,BJ,Africa,11175692,1578008
Bermuda,Hamilton,32.28333333333333,-64.783333,BM,North America,61349,60349
Bhutan,Thimphu,27.466666666666665,89.633333,BT,Asia,80761,388541
Bolivia,La Paz,-16.5,-68.15,BO,South America,11051601,4843916
Bosnia and Herzegovina,Sarajevo,43.86666666666667,18.416667,BA,Europe,3507017,3330502
Botswana,Gaborone,-24.633333333333333,25.9,BW,Africa,2291661,948977
Brazil,Brasilia,-15.783333333333331,-47.916667,BR,South America,213300278,160010801
Virgin Islands (U.K.),Road Town,18.416666666666668,-64.616667,VG,North America,31196,14456
Brunei,Bandar Seri Begawan,4.883333333333333,114.933333,BN,Asia,428697,406705
Bulgaria,Sofia,42.68333333333333,23.316667,BG,Europe,7084571,4492326
Burkina Faso,Ouagadougou,12.366666666666667,-1.516667,BF,Africa,19193382,3047909
Burundi,Bujumbura,-3.3666666666666667,29.35,BI,Africa,10864245,607311
Cape Verde,Praia,14.9166666666666667,-23.5,CV,Africa,546388,312315
Cambodia,Phnom Penh,11.55,104.916667,KH,Asia,16005373,5441827
Cameroon,Yaounde,3.8666666666666663,11.516667,CM,Africa,24053727,5580465
Canada,Ottawa,45.41666666666666,-75.7,CA,Central America,36624199,33950632
Cayman Islands,George Town,19.3,-81.383333,KY,North America,61559,49906
Central African Republic,Bangui,4.366666666666666,18.583333,CF,Africa,4659080,202204
Chad,N'Djamena,12.1,15.033333,TD,Africa,14899994,9685
Chile,Santiago,-33.45,-70.666667,CL,South America,18054726,14864456
China,Beijing,39.91666666666666,116.383333,CN,Asia,1427647786,904080566
Colombia,Bogota,4.6,-74.083333,CO,South America,49065615,30548252
Comoros,Moroni,-11.7,43.233333,KM,Africa,813912,6902
Costa Rica,San Jose,9.933333333333334,-84.083333,CR,Central America,4905769,3511549
Cote d'Ivoire,Yamoussoukro,6.816666666666666,-5.266667,CI,Africa,24294750,10650818
Croatia,Zagreb,45.8,16.0,HR,Europe,4189353,2811056
Cuba,Havana,23.116666666666667,-82.35,CU,North America,11484636,5638956
Cyprus,Nicosia,35.166666666666664,33.366667,CY,Europe,1179551,952369
Czech Republic,Prague,50.083333333333336,14.466667,CZ,Europe,10618303,8358728
Democratic Republic of the Congo,Kinshasa,-4.316666666666666,15.3,CD,Africa,106731000,7011507
Denmark,Copenhagen,55.66666666666666,12.583333,DK,Europe,5797966,5407278
Djibouti,Djibouti,11.583333333333334,43.15,DJ,Africa,956985,532849
Dominica,Roseau,15.3,-61.4,DM,North America,73925,51467
Dominican Republic,Santo Domingo,18.466666666666665,-69.9,DO,North America,10766998,6997472
Ecuador,Quito,-0.2166666666666666,-78.5,EC,South America,16624858,9521056
Egypt,Cairo,30.05,31.25,EG,Africa,101545209,54740141
El Salvador,San Salvador,13.7,-89.2,SV,Central America,6377853,1993079
Equatorial Guinea,Malabo,3.75,8.783333,GQ,Africa,1267689,332642
Eritrea,Asmara,15.333333333333334,38.933333,ER,Africa,5068831,66402
Estonia,Tallinn,59.43333333333333,24.716667,EE,Europe,1309632,1153786
Eswatini,Mbabane,-26.3166666666666667,31.15,SZ,Africa,1367254,414278
Ethiopia,Addis Ababa,9.033333333333331,38.7,ET,Africa,104957438,19543075
Falkland Islands,Stanley,-51.7,-57.85,FK,South America,291,2881
Faroe Islands,Torshavn,62.0,-6.766667,FO,Europe,4929,48097
Fiji,Suva,-18.133333333333333,178.416667,FJ,Australia,905502,452479
Finland,Helsinki,60.16666666666666,24.933333,FI,Europe,5523231,4831170
France,Paris,48.86666666666667,2.333333,FR,Europe,64979548,58038536
French Polynesia,Papeete,-17.533333333333335,-149.566667,PF,Australia,283007,205746
Gabon,Libreville,0.3833333333333333,9.45,GA,Africa,2025137,1019049
Georgia,Tbilisi,41.68333333333333,44.833333,GE,Europe,3912061,2366406
Germany,Berlin,52.516666666666666,13.4,DE,Europe,82114224,77794405
Ghana,Accra,5.55,-0.216667,GH,Africa,28833629,4065541
Gibraltar,Gibraltar,36.13333333333333,-5.35,GI,Europe,34571,32494
Greece,Athens,37.98333333333333,23.733333,GR,Europe,11159773,7923438
Greenland,Nuuk,64.18333333333334,-51.75,GL,Central America,5648,39242
Grenada,Saint George's,12.05,-61.75,GD,North America,107825,63692
Guam,Hagatna,13.466666666666669,144.733333,GU,Australia,164229,132221
Guatemala,Guatemala City,14.616666666666667,-90.516667,GT,Central America,16913503,6883796
Guinea,Conakry,9.5,-13.7,GN,Africa,12717176,1449758
Guinea-Bissau,Bissau,11.85,-15.583333,GW,Africa,1861283,73148
Guyana,Georgetown,6.8,-58.15,GY,South America,777859,290375
Haiti,Port-au-Prince,18.53333333333333,-72.333333,HT,North America,10981229,1353986
Honduras,Tegucigalpa,14.1,-87.216667,HN,Central America,9265067,2977793
Hong Kong,,22.26666666666667,114.15,HK,Asia,7364883,6585678
Hungary,Budapest,47.5,19.083333,HU,Europe,9721559,7461297
Iceland,Reykjavik,64.15,-21.95,IS,Europe,335025,329196
India,New Delhi,28.6,77.2,IN,Asia,1366417754,755820000
Indonesia,Jakarta,-6.166666666666667,106.816667,ID,Asia,266911900,212354070
Iran,Tehran,35.7,51.416667,IR,Asia,83020323,78086663
Iraq,Baghdad,33.333333333333336,44.4,IQ,Asia,38274618,18892351
Ireland,Dublin,53.31666666666667,-6.233333,IE,Europe,4761657,4024552
Israel,Jerusalem,31.766666666666666,35.233333,IL,Asia,8321570,6788737
Italy,Rome,41.9,12.483333,IT,Europe,59359900,36387619
Jamaica,Kingston,18.0,-76.8,JM,North America,2890299,1409888
Japan,Tokyo,35.68333333333333,139.75,JP,Asia,143989754,118630000
Jersey,Saint Helier,49.18333333333333,-2.1,JE,Europe,165314,38958
Jordan,Amman,31.95,35.933333,JO,Asia,9702353,6480202
Kazakhstan,Astana,51.16666666666666,71.416667,KZ,Asia,18204499,13913699
Kenya,Nairobi,-1.2833333333333332,36.816667,KE,Africa,49699862,8861485
Kiribati,Tarawa,-0.8833333333333333,169.533333,KI,Australia,116398,16971
Kuwait,Kuwait City,29.366666666666667,47.966667,KW,Asia,4136528,4053797
Kyrgyzstan,Bishkek,42.86666666666667,74.6,KG,Asia,6045117,2309235
Laos,Vientiane,17.966666666666665,102.6,LA,Asia,6858160,1749517
Latvia,Riga,56.95,24.1,LV,Europe,1949670,1585471
Lebanon,Beirut,33.86666666666667,35.5,LB,Asia,6082357,4755187
Lesotho,Maseru,-29.316666666666663,27.483333,LS,Africa,2233339,665312
Liberia,Monrovia,6.3,-10.8,LR,Africa,4731906,377607
Libya,Tripoli,32.88333333333333,13.166667,LY,Africa,6374616,1387116
Liechtenstein,Vaduz,47.13333333333333,9.516667,LI,Europe,37922,37201
Lithuania,Vilnius,54.68333333333333,25.316667,LT,Europe,2890297,2243448
Luxembourg,Luxembourg,49.6,6.116667,LU,Europe,583455,570794
Macau,,22.1666666666666667,113.55,MO,Asia,622567,517789
Madagascar,Antananarivo,-18.916666666666668,47.516667,MG,Africa,25570895,2505948
Malawi,Lilongwe,-13.966666666666669,33.783333,MW,Africa,18622104,2566126
Malaysia,Kuala Lumpur,3.1666666666666665,101.7,MY,Asia,31624264,25343685
Maldives,Male,4.166666666666667,73.5,MV,Asia,43633,275717
Mali,Bamako,12.65,-8.0,ML,Africa,18541980,2358540
Malta,Valletta,35.88333333333333,14.5,MT,Europe,430835,34497
Marshall Islands,Majuro,7.1,171.383333,MH,Australia,53127,2056
Mauritania,Nouakchott,18.066666666666663,-15.966667,MR,Africa,4420184,919398
Mauritius,Port Louis,-20.15,57.483333,MU,Africa,1265138,702911
Mexico,Mexico City,19.433333333333334,-99.133333,MX,Central America,128972439,89000000
Moldova,Chisinau,47.0,28.85,MD,Europe,4051212,3083783
Monaco,Monaco,43.73333333333333,7.416667,MC,Europe,38695,37553
Mongolia,Ulaanbaatar,47.91666666666666,106.916667,MN,Asia,3075647,729236
Montenegro,Podgorica,42.43333333333333,19.266667,ME,Europe,62896,505055
Montserrat,Plymouth,16.7,-62.216667,MS,North America,5177,2833
Morocco,Rabat,34.016666666666666,-6.816667,MA,Africa,35739580,22072765
Mozambique,Maputo,-25.95,32.583333,MZ,Africa,29668834,6162217
Myanmar,Rangoon,16.8,96.15,MM,Asia,53370609,16374103
Namibia,Windhoek,-22.566666666666663,17.083333,NA,Africa,2533794,93345
Nauru,Yaren,-0.5477,166.920867,NR,Australia,11359,6475
Netherlands,Amsterdam,52.35,4.916667,NL,Europe,17035938,15877494
New Caledonia,Noumea,-22.266666666666666,166.45,NC,Australia,276255,226557
New Zealand,Wellington,-41.3,174.783333,NZ,Australia,4705818,4273353
Nicaragua,Managua,12.133333333333333,-86.25,NI,Central America,6217581,1732218
Niger,Niamey,13.516666666666667,2.116667,NE,Africa,21477348,2194985
Nigeria,Abuja,9.083333333333334,7.533333,NG,Africa,205886311,136203231
Niue,Alofi,-19.016666666666666,-169.916667,NU,Australia,1618,1034
North Macedonia,Skopje,42.0,21.433333,MK,Europe,2083160,1589659
Norway,Oslo,59.91666666666666,10.75,NO,Europe,5305383,5120225
Oman,Muscat,23.616666666666667,58.583333,OM,Asia,4636262,3717818
Pakistan,Islamabad,33.68333333333333,73.05,PK,Asia,213756286,100000000
Palestine,Jerusalem,31.766666666666666,35.233333,PS,Asia,4920724,3208312
Panama,Panama City,8.966666666666667,-79.533333,PA,Central America,4098587,2371852
Papua New Guinea,Port Moresby,-9.45,147.183333,PG,Australia,8251162,924955
Paraguay,Asuncion,-25.266666666666666,-57.666667,PY,South America,6811297,4160340
Peru,Lima,-12.05,-77.05,PE,South America,32165485,15674241
Philippines,Manila,14.6,120.966667,PH,Asia,104918090,73003313
Poland,Warsaw,52.25,21.0,PL,Europe,38382576,34697848
Portugal,Lisbon,38.71666666666667,-9.133333,PT,Europe,10329506,7622142
Puerto Rico,San Juan,18.466666666666665,-66.116667,PR,North America,3663131,2664928
Qatar,Doha,25.28333333333333,51.533333,QA,Asia,2639211,2532059
Republic of the Congo,Brazzaville,-4.25,15.283333,CG,Africa,5260750,455055
Romania,Bucharest,44.43333333333333,26.1,RO,Europe,19679306,12545558
Russia,Moscow,55.75,37.6,RU,Europe,127484450,116350000
Rwanda,Kigali,-1.95,30.05,RW,Africa,12208407,2657770
Saint Helena,Jamestown,-15.933333333333334,-5.716667,SH,Africa,4534,2906
Saint Kitts and Nevis,Basseterre,17.3,-62.716667,KN,North America,55345,44669
Saint Lucia,Castries,14.0,-61.0,LC,North America,178844,90889
Saint Vincent and the Grenadines,Kingstown,13.133333333333333,-61.216667,VC,Central America,109897,72048
Samoa,Apia,-13.816666666666666,-171.766667,WS,Australia,19644,66023
San Marino,San Marino,43.93333333333333,12.416667,SM,Europe,334,201
Sao Tome and Principe,Sao Tome,0.3333333333333333,6.733333,ST,Africa,204327,61155
Saudi Arabia,Riyadh,24.65,46.7,SA,Asia,32938213,27048861
Senegal,Dakar,14.733333333333333,-17.633333,SN,Africa,15850567,4698108
Serbia,Belgrade,44.833333333333336,20.5,RS,Europe,8790574,6182411
Seychelles,Victoria,-4.616666666666667,55.45,SC,Africa,94737,55677
Sierra Leone,Freetown,8.483333333333333,-13.233333,SL,Africa,7557212,1000575
Singapore,Singapore,1.2833333333333332,103.85,SG,Asia,5708844,4821119
Slovakia,Bratislava,48.15,17.116667,SK,Europe,5447662,4446926
Slovenia,Ljubljana,46.05,14.516667,SI,Europe,2079976,1640893
Solomon Islands,Honiara,-9.433333333333334,159.95,SB,Australia,611343,72872
Somalia,Mogadishu,2.066666666666667,45.333333,SO,Africa,14742523,294851
South Africa,Pretoria,-25.7,28.216667,ZA,Africa,56717156,31858027
South Korea,Seoul,37.55,126.983333,KR,Asia,50982212,49421084
South Sudan,Juba,4.85,31.616667,SS,Africa,12575714,1003542
Spain,Madrid,40.4,-3.683333,ES,Europe,46750321,42400756
Sri Lanka,Colombo,6.916666666666667,79.833333,LK,Asia,20876917,7121116
Sudan,Khartoum,15.6,32.533333,SD,Africa,40533330,12512639
Suriname,Paramaribo,5.833333333333333,-55.166667,SR,South America,563402,275785
Sweden,Stockholm,59.333333333333336,18.05,SE,Europe,9910701,9554907
Syria,Damascus,33.5,36.3,SY,Asia,18269868,6257430
Taiwan,Taipei,25.03333333333333,121.516667,TW,Asia,23626456,21920626
Tajikistan,Dushanbe,38.55,68.766667,TJ,Asia,8921343,1959127
Tanzania,Dar es Salaam,-6.8,39.283333,TZ,Africa,57310019,9169603
Thailand,Bangkok,13.75,100.516667,TH,Asia,69037513,36513941
Bahamas,Nassau,25.08333333333333,-77.35,BS,North America,395361,336057
Gambia,Banjul,13.45,-16.566667,GM,Africa,2100568,416753
Timor-Leste,Dili,-8.583333333333334,125.6,TL,Asia,1296311,356356
Togo,Lome,6.116666666666666,1.216667,TG,Africa,7797694,963795
Tonga,Nuku'alofa,-21.133333333333333,-175.2,TO,Australia,10802,44558
Trinidad and Tobago,Port of Spain,10.65,-61.516667,TT,North America,1369125,1058744
Tunisia,Tunis,36.8,10.183333,TN,Africa,11532127,6400330
Turkey,Ankara,39.93333333333333,32.866667,TR,Europe,80745020,62075879
Turkmenistan,Ashgabat,37.95,58.383333,TM,Asia,5758075,1223591
Tuvalu,Funafuti,-8.516666666666667,179.216667,TV,Australia,11192,552
Virgin Islands (U.S.),Charlotte Amalie,18.35,-64.933333,VI,North America,104901,67535
Uganda,Kampala,0.3166666666666666,32.55,UG,Africa,42862958,10162807
Ukraine,Kyiv,50.43333333333333,30.516667,UA,Europe,44222947,2947000
United Arab Emirates,Abu Dhabi,24.466666666666665,54.366667,AE,Asia,9400145,8913217
United Kingdom,London,51.5,-0.083333,GB,Europe,66181585,65001016
United States,"Washington, D.C.",38.883333,-77.0,US,Central America,324459463,312320000
Uruguay,Montevideo,-34.85,-56.166667,UY,South America,3456750,2360269
Uzbekistan,Tashkent,41.31666666666667,69.25,UZ,Asia,31910641,16692456
Vanuatu,Port-Vila,-17.733333333333334,168.316667,VU,Australia,276244,7105
Venezuela,Caracas,10.483333333333333,-66.866667,VE,South America,31977065,20564451
Vietnam,Hanoi,21.03333333333333,105.85,VN,Asia,97338579,68172134
Wallis and Futuna,Mata-Utu,-13.95,-171.933333,WF,Australia,11773,1383
Yemen,Sanaa,15.35,44.2,YE,Asia,28250420,7548512
Zambia,Lusaka,-15.416666666666666,28.283333,ZM,Africa,17094130,4760715
Zimbabwe,Harare,-17.816666666666666,31.033333,ZW,Africa,16529904,4472992
Afghanistan,Kabul,34.516666666666666,69.183333,AF,Asia,32225560,4068194
Nepal,Kathmandu,27.716666666666665,85.316667,NP,Asia,29304998,6271270
Switzerland,Bern,46.91666666666666,7.466667,CH,Europe,8476005,7942864
Curaçao,Willemstad,12.116667,-68.933333,CUR,South America,162000,53318
French Guiana,Cayena,4.938611,-52.335,GF,South America,294071,126183
Martinique,Fort-de-France,14.6,-61.0833,MQ,North America,413417,91585
Turks and Caicos Islands,Cockburn Town,21.460278,-71.141389,TC,North America,48700,14309
Northern Mariana Islands,Saipan,15.183333,145.75,MP,Australia,51659,10697
Christmas Island,Flying Fish Cove,-10.421667,105.678056,CX,Australia,1843,526
Mayotte,Mamoudzou,-12.781389,45.231667,YT,Africa,270372,103567
Isle of Man,Douglas,54.15,-4.481944,IM,Europe,80049,28434
Guernsey,Saint Peter Port,49.45,-2.55,GG,Europe,65345,22911
Guadeloupe,Basse-Terre,15.996944,-61.732778,GUA,North America,403314,146289
Sint Maarten,Philipsburg,18.024167,-63.043333,SX,North America,35035,14191
Palau,Koror,7.34333,134.48042,PLW,Australia,18000,5638
American Samoa,Pago Pago,-14.279444,-170.700556,AS,Australia,55000,24329
Réunion,Saint-Denis,-20.8789,55.4481,RE,Africa,858450,308974
Cook Islands,Avarua,-21.206944,-159.770833,CK,Australia,17459,7734
Sint Eustatius and Saba,Oranjestad,17.483333,-62.983333,AN,North America,3800,880
Saint Martin,Marigot,18.066667,-63.084722,MF,North America,35742,16355
Saint Barthélemy,Gustavia,17.898611,-62.849167,BL,North America,9999,3135
Tokelau,Atafu,-8.558,-172.497,TK,Australia,446,103
Saint Pierre and Miquelon,San Pedro,46.818889,-56.343889,PM,North America,6069,1283
Yap,Colonia,9.516667,138.133333,YA,Australia,6300,2918
Pohnpei,Kolonia,6.963889,158.208056,PN,Australia,34486,7915
Chuuk,Weno,7.45,151.85,CHU,Australia,53595,22005
